web-scraper-order,web-scraper-start-url,link,link-href,stock
"1550650632-770","https://vaperalia.es/aromas-vampire-vape-267?n=555","Aroma Pear Drops - Vampire Vape","https://vaperalia.es/aromas-vampire-vape/aroma-pear-drops-vampire-vape-1356.html","En stock"
"1550650632-779","https://vaperalia.es/aromas-vampire-vape-267?n=555","Aroma Attraction - Vampire Vape","https://vaperalia.es/aromas-vampire-vape/aroma-attraction-vampire-vape-1247.html","En stock"
"1550650660-964","https://vaperalia.es/nasty-juice-481?n=555","Stargazing - Nasty Juice","https://vaperalia.es/nasty-juice/stargazing-nasty-juice-5562.html","Agotado"
"1550650643-881","https://vaperalia.es/pro-vape-672?n=555","Jimmy Vapendrix - Icons","https://vaperalia.es/icons-line/jimmy-vapendrix-icons-4531.html","En stock"
"1550650639-824","https://vaperalia.es/bombo-100?n=555","Trubio 50ml - Bombo","https://vaperalia.es/bombo/trubio-50ml-bombo-4058.html","En stock"
"1550650656-956","https://vaperalia.es/empire-brew-687?n=555","Mango Apricot - Empire Brew","https://vaperalia.es/empire-brew/mango-apricot-empire-brew-4389.html","En stock"
"1550650627-691","https://vaperalia.es/aromas-kings-crest-607?n=555","Aroma Don Juan Reserve - Kings Crest","https://vaperalia.es/aromas-kings-crest/aroma-don-juan-reserve-kings-crest-3873.html","En stock"
"1550650652-934","https://vaperalia.es/horny-flava_166?n=555","Pomberry 55ml - Horny Flava","https://vaperalia.es/horny-flava/ponberry-55ml-horny-flava-5103.html","Agotado"
"1550650654-951","https://vaperalia.es/fantastic_148?n=555","Lemon Lime - Fantastic","https://vaperalia.es/fantastic/lemon-lime-fantastic-3329.html","En stock"
"1550650625-685","https://vaperalia.es/kits-joyetech-32?n=555","Kit de inicio AIO D22 1500 mAh - Joyetech","https://vaperalia.es/kits-joyetech/kit-de-inicio-aio-d22-1500-mah-joyetech-1601.html","En stock"
"1550650649-917","https://vaperalia.es/mistiq-489?n=555","Vanilla Custard - Mistiq Flava","https://vaperalia.es/mistiq/vanilla-custard-mistiq-flava-3567.html","Agotado"
"1550650639-821","https://vaperalia.es/bombo-100?n=555","Branila 50ml - Bombo","https://vaperalia.es/bombo/branilla-50ml-bombo-4060.html","En stock"
"1550650632-728","https://vaperalia.es/aromas-vampire-vape-267?n=555","Aroma Jam on Toast - Vampire Vape","https://vaperalia.es/aromas-vampire-vape/aroma-jam-on-toast-vampire-vape-3098.html","Agotado"
"1550650632-778","https://vaperalia.es/aromas-vampire-vape-267?n=555","Aroma Bat Juice - Vampire Vape","https://vaperalia.es/aromas-vampire-vape/aroma-bat-juice-vampire-vape-1248.html","En stock"
"1550650652-932","https://vaperalia.es/horny-flava_166?n=555","Pinberry 55ml - Horny Flava","https://vaperalia.es/horny-flava/pinberry-55ml-horny-flava-5101.html","Agotado"
"1550650636-796","https://vaperalia.es/the-alchemist-juice-677?n=555","Don Quijote Private Reserve - The...","https://vaperalia.es/the-alchemist-juice/don-quijote-private-reserve-the-alchemist-juice-4712.html","En stock"
"1550650630-713","https://vaperalia.es/aromas-big-mouth-305?n=555","I'll take you to Strawberry Syrup Pancakes...","https://vaperalia.es/aromas-big-mouth/i-ll-take-you-to-strawberry-syrup-pancakes-big-mouth-2778.html","En stock"
"1550650639-841","https://vaperalia.es/bombo-100?n=555","Navelina +VG - Bombo","https://vaperalia.es/bombo/navelina-vg-bombo-2740.html","En stock"
"1550650652-946","https://vaperalia.es/horny-flava_166?n=555","Aroma Grape - Horny Flava","https://vaperalia.es/aromas-horny-flava/aroma-grape-horny-flava-3902.html","Agotado"
"1550650660-975","https://vaperalia.es/nasty-juice-481?n=555","Pineapple Lemonade - Nasty Juice","https://vaperalia.es/nasty-juice/pineapple-lemonade-nasty-juice-4384.html","En stock"
"1550650627-694","https://vaperalia.es/aromas-kings-crest-607?n=555","Aroma Duchess Reserve - Kings Crest","https://vaperalia.es/aromas-kings-crest/aroma-duchess-reserve-kings-crest-3875.html","Agotado"
"1550650656-955","https://vaperalia.es/empire-brew-687?n=555","Ice Lemonade - Empire Brew","https://vaperalia.es/empire-brew/ice-lemonade-empire-brew-4388.html","En stock"
"1550650643-882","https://vaperalia.es/pro-vape-672?n=555","Michael Vapes On - Icons","https://vaperalia.es/icons-line/michael-vapeson-icons-4534.html","En stock"
"1550650625-674","https://vaperalia.es/kits-joyetech-32?n=555","Exceed Box 3000mAh + Exceed D22C - Joyetech","https://vaperalia.es/kits-joyetech/exceed-box-3000mah-exceed-d22c-4143.html","En stock"
"1550650625-668","https://vaperalia.es/kits-joyetech-32?n=555","Exceed Edge versión Pod - Joyetech","https://vaperalia.es/kits-joyetech/exceed-edge-version-pod-joyetech-4731.html","En stock"
"1550650652-929","https://vaperalia.es/horny-flava_166?n=555","Aroma Strawberry - Horny Flava","https://vaperalia.es/aromas-horny-flava/aroma-strawberry-horny-flava-5124.html","Agotado"
"1550650632-750","https://vaperalia.es/aromas-vampire-vape-267?n=555","Aroma Watermelon - Vampire Vape","https://vaperalia.es/aromas-vampire-vape/aroma-watermelon-vampire-vape-1443.html","Agotado"
"1550650662-997","https://vaperalia.es/mono-ejuice_115?n=555","Big Molly TPD - Mono eJuice","https://vaperalia.es/mono-ejuice/big-molly-tpd-mono-ejuice-3743.html","En stock"
"1550650627-690","https://vaperalia.es/aromas-kings-crest-607?n=555","Aroma Duchess - Kings Crest","https://vaperalia.es/aromas-kings-crest/aroma-duchess-kings-crest-3874.html","Agotado"
"1550650630-695","https://vaperalia.es/aromas-big-mouth-305?n=555","Aroma Cola Coffee - Big Mouth","https://vaperalia.es/aromas-big-mouth/aroma-cola-coffee-big-mouth-3865.html","En stock"
"1550650625-681","https://vaperalia.es/kits-joyetech-32?n=555","eGo ONE TFTA 2300mAh - Joyetech","https://vaperalia.es/kits-joyetech/ego-one-tfta-2300mah-joyetech-2575.html","Agotado"
"1550650630-716","https://vaperalia.es/aromas-big-mouth-305?n=555","Aroma loQness Cereal - Big Mouth","https://vaperalia.es/aromas-big-mouth/aroma-loqness-cereal-big-mouth-2771.html","En stock"
"1550650627-687","https://vaperalia.es/aromas-kings-crest-607?n=555","Aroma Duke - Kings Crest","https://vaperalia.es/aromas-kings-crest/duke-kings-crest-4914.html","Agotado"
"1550650641-877","https://vaperalia.es/big-mouth-496?n=555","Real Deal - Big Mouth","https://vaperalia.es/big-mouth/real-deal-big-mouth-3182.html","En stock"
"1550650636-808","https://vaperalia.es/the-alchemist-juice-677?n=555","Kalippoo Melón - The Alchemist Juice","https://vaperalia.es/the-alchemist-juice/kalippoo-melon-the-alchemist-juice-4348.html","En stock"
"1550650639-830","https://vaperalia.es/bombo-100?n=555","Torquemada 50ml - Bombo","https://vaperalia.es/bombo/torquemada-50ml-bombo-4052.html","En stock"
"1550650632-733","https://vaperalia.es/aromas-vampire-vape-267?n=555","Aroma Dawn - Vampire Vape","https://vaperalia.es/aromas-vampire-vape/aroma-dawn-vampire-vape-2625.html","Agotado"
"1550650660-992","https://vaperalia.es/nasty-juice-481?n=555","Slow Blow - Nasty Juice","https://vaperalia.es/nasty-juice/slow-blow-nasty-juice-3082.html","En stock"
"1550650632-772","https://vaperalia.es/aromas-vampire-vape-267?n=555","Aroma Pinkman 30 ml - Vampire Vape","https://vaperalia.es/aromas-vampire-vape/aroma-pink-man-vampire-vape-1232.html","En stock"
"1550650649-918","https://vaperalia.es/mistiq-489?n=555","Melon - Mistiq Flava","https://vaperalia.es/mistiq/melon-mistiq-flava-3143.html","En stock"
"1550650660-993","https://vaperalia.es/nasty-juice-481?n=555","Devil Teeth - Nasty Juice","https://vaperalia.es/nasty-juice/devilteeth-nasty-juice-3080.html","En stock"
"1550650641-866","https://vaperalia.es/big-mouth-496?n=555","Zingy Lime - Big Mouth","https://vaperalia.es/big-mouth/zingy-lime-big-mouth-3173.html","En stock"
"1550650632-742","https://vaperalia.es/aromas-vampire-vape-267?n=555","Aroma Peppermint Rock - Vampire Vape","https://vaperalia.es/aromas-vampire-vape/aroma-peppermint-rock-vampire-vape-1863.html","En stock"
"1550650632-764","https://vaperalia.es/aromas-vampire-vape-267?n=555","Aroma Berry Menthol - Vampire Vape","https://vaperalia.es/aromas-vampire-vape/aroma-berry-menthol-vampire-vape-1428.html","En stock"
"1550650660-974","https://vaperalia.es/nasty-juice-481?n=555","Mango - Nasty Juice","https://vaperalia.es/nasty-juice/mango-nasty-juice-4383.html","Agotado"
"1550650636-798","https://vaperalia.es/the-alchemist-juice-677?n=555","Excalibur -The Alchemist Juice","https://vaperalia.es/the-alchemist-juice/excalibur-the-alchemist-juice-4713.html","En stock"
"1550650639-857","https://vaperalia.es/bombo-100?n=555","Kijote - Bombo","https://vaperalia.es/bombo/kijote-bombo-533.html","En stock"
"1550650652-925","https://vaperalia.es/horny-flava_166?n=555","Aroma Tobacco - Horny Flava","https://vaperalia.es/aromas-horny-flava/dear-tobacco-horny-flava-5324.html","En stock"
"1550650632-751","https://vaperalia.es/aromas-vampire-vape-267?n=555","Aroma Spearmint - Vampire Vape","https://vaperalia.es/aromas-vampire-vape/aroma-spearmint-vampire-vape-1442.html","En stock"
"1550650636-785","https://vaperalia.es/the-alchemist-juice-677?n=555","Gala - The Alchemist Juice","https://vaperalia.es/the-alchemist-juice/gala-the-alchemist-juice--5755.html","En stock"
"1550650632-766","https://vaperalia.es/aromas-vampire-vape-267?n=555","Aroma Banana - Vampire Vape","https://vaperalia.es/aromas-vampire-vape/aroma-banana-vampire-vape-1426.html","Agotado"
"1550650630-698","https://vaperalia.es/aromas-big-mouth-305?n=555","Aroma Your Favourite Smoothie - Big Mouth","https://vaperalia.es/aromas-big-mouth/aroma-your-favourite-smoothie-big-mouth-3132.html","En stock"
"1550650632-774","https://vaperalia.es/aromas-vampire-vape-267?n=555","Aroma Tropical Island - Vampire Vape","https://vaperalia.es/aromas-vampire-vape/aroma-tropical-island-vampire-vape-1252.html","En stock"
"1550650660-969","https://vaperalia.es/nasty-juice-481?n=555","Grape - Nasty Juice","https://vaperalia.es/nasty-juice/grape-nasty-juice-4379.html","En stock"
"1550650660-967","https://vaperalia.es/nasty-juice-481?n=555","Ice Mint - Nasty Juice","https://vaperalia.es/nasty-juice/ice-mint-nasty-juice-5364.html","En stock"
"1550650643-879","https://vaperalia.es/pro-vape-672?n=555","John Vapenon - Icons","https://vaperalia.es/icons-line/john-vapenon-icons-4528.html","En stock"
"1550650654-947","https://vaperalia.es/fantastic_148?n=555","Strawberry - Fantastic","https://vaperalia.es/fantastic/strawberry-fantastic-3332.html","Agotado"
"1550650660-972","https://vaperalia.es/nasty-juice-481?n=555","Green Mango - Nasty Juice","https://vaperalia.es/nasty-juice/green-mango-nasty-juice-4381.html","En stock"
"1550650632-763","https://vaperalia.es/aromas-vampire-vape-267?n=555","Aroma Blackcurrant - Vampire Vape","https://vaperalia.es/aromas-vampire-vape/aroma-blackcurrant-vampire-vape-1429.html","En stock"
"1550650639-848","https://vaperalia.es/bombo-100?n=555","Branila - Bombo","https://vaperalia.es/bombo/branila-bombo-1266.html","En stock"
"1550650660-982","https://vaperalia.es/nasty-juice-481?n=555","Bronze Blend - Nasty Juice","https://vaperalia.es/nasty-juice/bronze-blend-nasty-juice-3403.html","En stock"
"1550650625-679","https://vaperalia.es/kits-joyetech-32?n=555","CuAIO D22 1500mAh - Joyetech","https://vaperalia.es/kits-joyetech/cuaio-d22-1500mah-joyetech-2863.html","Agotado"
"1550650625-670","https://vaperalia.es/kits-joyetech-32?n=555","EGO AIO ECO 650mAh - Joyetech","https://vaperalia.es/kits-joyetech/ego-aio-eco-650mah-joyetech-4661.html","En stock"
"1550650630-708","https://vaperalia.es/aromas-big-mouth-305?n=555","Viva Mexico - Big Mouth","https://vaperalia.es/aromas-big-mouth/viva-mexico-big-mouth-2787.html","En stock"
"1550650630-703","https://vaperalia.es/aromas-big-mouth-305?n=555","Aroma FCAPB - Big Mouth","https://vaperalia.es/aromas-big-mouth/aroma-fcapb-big-mouth-2804.html","Agotado"
"1550650630-710","https://vaperalia.es/aromas-big-mouth-305?n=555","I'll take you to Dark Jelly - Big Mouth","https://vaperalia.es/aromas-big-mouth/i-ll-take-you-to-dark-jelly-big-mouth-2784.html","En stock"
"1550650636-804","https://vaperalia.es/the-alchemist-juice-677?n=555","Don Quijote - The Alchemist Juice","https://vaperalia.es/the-alchemist-juice/don-quijote-the-alchemist-juice-4342.html","En stock"
"1550650660-984","https://vaperalia.es/nasty-juice-481?n=555","Passion Killa - Nasty Juice","https://vaperalia.es/nasty-juice/passion-killa-nasty-juice-3409.html","En stock"
"1550650634-781","https://vaperalia.es/fat-panda-653?n=555","Big Bubble - Fat Panda","https://vaperalia.es/fat-panda/big-bubble-bubblegum-flavour-e-juice-4328.html","En stock"
"1550650645-907","https://vaperalia.es/dead-rabbit-society_161?n=555","DRS Crème Brulée - Dead Rabbit Society","https://vaperalia.es/dead-rabbit-society/drs-creme-brulee-dead-rabbit-society-4094.html","En stock"
"1550650632-738","https://vaperalia.es/aromas-vampire-vape-267?n=555","Aroma Dark Passenger - Vampire Vape","https://vaperalia.es/aromas-vampire-vape/aroma-dark-passenger-vampire-vape-2391.html","En stock"
"1550650636-810","https://vaperalia.es/the-alchemist-juice-677?n=555","King Arthur - The Alchemist Juice","https://vaperalia.es/the-alchemist-juice/king-arthur-the-alchemist-juice-4350.html","En stock"
"1550650652-936","https://vaperalia.es/horny-flava_166?n=555","Sour Mango 55ml - Horny Flava","https://vaperalia.es/horny-flava/sour-mango-horny-flava-5100.html","En stock"
"1550650639-837","https://vaperalia.es/bombo-100?n=555","Dulcinea + VG - Bombo","https://vaperalia.es/bombo/dulcinea-vg-bombo-2745.html","Producto disponible con otras opciones"
"1550650660-987","https://vaperalia.es/nasty-juice-481?n=555","Cush Man - Nasty Juice","https://vaperalia.es/nasty-juice/cush-man-nasty-juice-3086.html","En stock"
"1550650632-731","https://vaperalia.es/aromas-vampire-vape-267?n=555","Aroma Cool Red Slush - Vampire Vape","https://vaperalia.es/aromas-vampire-vape/aroma-cool-red-slush-vampire-vape-3095.html","En stock"
"1550650654-950","https://vaperalia.es/fantastic_148?n=555","Grape - Fantastic","https://vaperalia.es/fantastic/grape-fantastic-3328.html","En stock"
"1550650636-797","https://vaperalia.es/the-alchemist-juice-677?n=555","Monkey Island - The Alchemist Juice","https://vaperalia.es/the-alchemist-juice/monkey-island-the-alchemist-juice-4714.html","En stock"
"1550650636-814","https://vaperalia.es/the-alchemist-juice-677?n=555","Vader - The Alchemist Juice","https://vaperalia.es/the-alchemist-juice/vader-the-alchemist-juice-4355.html","En stock"
"1550650630-701","https://vaperalia.es/aromas-big-mouth-305?n=555","Aroma Angel Cake - Big Mouth","https://vaperalia.es/aromas-big-mouth/aroma-angel-cake-big-mouth-3127.html","En stock"
"1550650639-839","https://vaperalia.es/bombo-100?n=555","Garbo +VG - Bombo","https://vaperalia.es/bombo/garbo-vg-bombo-2742.html","Producto disponible con otras opciones"
"1550650632-744","https://vaperalia.es/aromas-vampire-vape-267?n=555","Aroma Grape - Vampire Vape","https://vaperalia.es/aromas-vampire-vape/aroma-grape-vampire-vape-1861.html","Agotado"
"1550650643-887","https://vaperalia.es/pro-vape-672?n=555","Fist of Vape - Heroes","https://vaperalia.es/heroes-line/fist-of-vape-heroes-4314.html","En stock"
"1550650660-994","https://vaperalia.es/nasty-juice-481?n=555","Bad Blood - Nasty Juice","https://vaperalia.es/nasty-juice/badblood-nasty-juice-3079.html","En stock"
"1550650652-942","https://vaperalia.es/horny-flava_166?n=555","Aroma Pomberry - Horny Flava","https://vaperalia.es/aromas-horny-flava/aroma-pomberry-horny-flava-3908.html","Agotado"
"1550650627-693","https://vaperalia.es/aromas-kings-crest-607?n=555","Aroma Strawberry Duchess - Kings Crest","https://vaperalia.es/aromas-kings-crest/aroma-strawberry-duchess-kings-crest-3876.html","Agotado"
"1550650632-759","https://vaperalia.es/aromas-vampire-vape-267?n=555","Aroma Cool Red Lips - Vampire Vape","https://vaperalia.es/aromas-vampire-vape/aroma-cool-red-lips-vampire-vape-1433.html","En stock"
"1550650645-898","https://vaperalia.es/dead-rabbit-society_161?n=555","DRS Strawberry Red Rabbit 25ml - Dead...","https://vaperalia.es/dead-rabbit-society/drs-strawberry-red-rabbit-25ml-dead-rabbit-society-4588.html","Agotado"
"1550650636-793","https://vaperalia.es/the-alchemist-juice-677?n=555","Kalippooh Zero Mango - The Alchemist Juice","https://vaperalia.es/kalippooh-zero/kalippooh-zero-mango-the-alchemist-juice-5114.html","En stock"
"1550650639-818","https://vaperalia.es/bombo-100?n=555","Crema Santa 50ml - Bombo","https://vaperalia.es/bombo/crema-santa-bombo--5002.html","En stock"
"1550650641-874","https://vaperalia.es/big-mouth-496?n=555","Beast Orange Splash - Big Mouth","https://vaperalia.es/big-mouth/beast-orange-splash-big-mouth-3158.html","En stock"
"1550650630-719","https://vaperalia.es/aromas-big-mouth-305?n=555","Aroma Choco Ella - Big Mouth","https://vaperalia.es/aromas-big-mouth/aroma-choco-ella-big-mouth-1594.html","En stock"
"1550650639-816","https://vaperalia.es/bombo-100?n=555","Donut Glaseado de Fresa 50ml - La Yaya","https://vaperalia.es/la-yaya-by-bombo/donut-fresa-la-yaya-50ml-bombo-5548.html","En stock"
"1550650627-692","https://vaperalia.es/aromas-kings-crest-607?n=555","Aroma Blueberry Duchess - Kings Crest","https://vaperalia.es/aromas-kings-crest/aroma-blueberry-duchess-kings-crest-3871.html","Agotado"
"1550650630-704","https://vaperalia.es/aromas-big-mouth-305?n=555","Aroma LBMBC - Big Mouth","https://vaperalia.es/aromas-big-mouth/aroma-lbmbc-big-mouth-2797.html","En stock"
"1550650636-787","https://vaperalia.es/the-alchemist-juice-677?n=555","Black Legend Premium E-juice - The...","https://vaperalia.es/the-alchemist-juice/black-legend-premium-e-juice-the-alchemist-juice-5593.html","Agotado"
"1550650652-940","https://vaperalia.es/horny-flava_166?n=555","Aroma P.O.B - Horny Flava","https://vaperalia.es/aromas-horny-flava/aroma-pob-horny-flava-4525.html","En stock"
"1550650643-880","https://vaperalia.es/pro-vape-672?n=555","Elvis Vapely - Icons","https://vaperalia.es/icons-line/elvis-vapely-icons-4529.html","En stock"
"1550650639-819","https://vaperalia.es/bombo-100?n=555","Aldonza 50ml - Bombo","https://vaperalia.es/bombo/aldonza-50ml-bombo-4063.html","En stock"
"1550650632-736","https://vaperalia.es/aromas-vampire-vape-267?n=555","Aroma Kings Fool - Vampire Vape","https://vaperalia.es/aromas-vampire-vape/aroma-kings-fool-vampire-vape-2393.html","En stock"
"1550650639-828","https://vaperalia.es/bombo-100?n=555","Tucán 50ml - Bombo","https://vaperalia.es/bombo/tucan-50ml-bombo-4053.html","En stock"
"1550650636-807","https://vaperalia.es/the-alchemist-juice-677?n=555","Kalippoo Manzana - The Alchemist Juice","https://vaperalia.es/the-alchemist-juice/kalippoo-manzana-the-alchemist-juice-4347.html","En stock"
"1550650647-912","https://vaperalia.es/revengers-e-liquid-582?n=555","Retribution - Revengers E-liquid","https://vaperalia.es/liquidos/retribution-nasty-juice-3643.html","En stock"
"1550650645-897","https://vaperalia.es/dead-rabbit-society_161?n=555","DRS Purple Mixed Berry Rabbit 25ml - Dead...","https://vaperalia.es/dead-rabbit-society/drs-purple-mixed-berry-rabbit-25ml-dead-rabbit-society-4589.html","En stock"
"1550650643-886","https://vaperalia.es/pro-vape-672?n=555","Chuck Vaperris - Heroes","https://vaperalia.es/heroes-line/chuck-vaperris-heroes-4313.html","En stock"
"1550650645-902","https://vaperalia.es/dead-rabbit-society_161?n=555","DRS Key Lime 25ml - Dead Rabbit Society","https://vaperalia.es/dead-rabbit-society/drs-key-lime-25ml-dead-rabbit-society-4579.html","En stock"
"1550650660-995","https://vaperalia.es/nasty-juice-481?n=555","Fat Boy - Nasty Juice","https://vaperalia.es/nasty-juice/fatboy-nasty-juice-3078.html","Agotado"
"1550650660-968","https://vaperalia.es/nasty-juice-481?n=555","Blackcurrant - Nasty Juice","https://vaperalia.es/nasty-juice/blackcurrant-nasty-juice-4377.html","En stock"
"1550650641-876","https://vaperalia.es/big-mouth-496?n=555","Beast Wild Forest - Big Mouth","https://vaperalia.es/big-mouth/beast-wild-forest-big-mouth-3156.html","En stock"
"1550650660-963","https://vaperalia.es/nasty-juice-481?n=555","Sicko Blue - Nasty Juice","https://vaperalia.es/nasty-juice/sicko-blue-nasty-juice-5561.html","Agotado"
"1550650660-991","https://vaperalia.es/nasty-juice-481?n=555","Wicked Haze - Nasty Juice","https://vaperalia.es/nasty-juice/wicked-haze-nasty-juice-3081.html","En stock"
"1550650632-747","https://vaperalia.es/aromas-vampire-vape-267?n=555","Aroma Berries - Vampire Vape","https://vaperalia.es/aromas-vampire-vape/aroma-berries-vampire-vape-1858.html","En stock"
"1550650649-922","https://vaperalia.es/mistiq-489?n=555","Mango - Mistiq Flava","https://vaperalia.es/mistiq/mango-mistiq-flava-3140.html","En stock"
"1550650652-933","https://vaperalia.es/horny-flava_166?n=555","Red Apple 55ml - Horny FLava","https://vaperalia.es/horny-flava/red-apple-55ml-horny-flava-5104.html","En stock"
"1550650641-871","https://vaperalia.es/big-mouth-496?n=555","Frozen Berries - Big Mouth","https://vaperalia.es/big-mouth/frozen-berries-big-mouth-3163.html","En stock"
"1550650643-892","https://vaperalia.es/pro-vape-672?n=555","Don Chump - Warriors","https://vaperalia.es/warriors-line/don-chump-warriors-4319.html","En stock"
"1550650639-852","https://vaperalia.es/bombo-100?n=555","Sherpa - Bombo","https://vaperalia.es/bombo/sherpa-bombo-538.html","En stock"
"1550650632-723","https://vaperalia.es/aromas-vampire-vape-267?n=555","Aroma Simply Chocolate - Vampire Vape","https://vaperalia.es/aromas-vampire-vape/aroma-simply-chocolate-vampire-vape-3102.html","En stock"
"1550650658-959","https://vaperalia.es/class-a-series-e-liquid--581?n=555","Narco - Class ""A"" E-liquid","https://vaperalia.es/liquidos/narco-nasty-juice-3639.html","En stock"
"1550650652-939","https://vaperalia.es/horny-flava_166?n=555","Dear Blondie 55ml - Horny Flava","https://vaperalia.es/horny-flava/horny-dear-blondie-horny-flava-5095.html","En stock"
"1550650632-777","https://vaperalia.es/aromas-vampire-vape-267?n=555","Aroma Black Ice- Vampire Vape","https://vaperalia.es/aromas-vampire-vape/aroma-black-ice-vampire-vape-1249.html","Agotado"
"1550650641-868","https://vaperalia.es/big-mouth-496?n=555","Donuts Cone Ice Cream - Big Mouth","https://vaperalia.es/big-mouth/donuts-cone-ice-cream-big-mouth-3170.html","En stock"
"1550650639-835","https://vaperalia.es/bombo-100?n=555","Branila +VG - Bombo","https://vaperalia.es/bombo/branila-vg-bombo-2746.html","Producto disponible con otras opciones"
"1550650632-753","https://vaperalia.es/aromas-vampire-vape-267?n=555","Aroma Red Lips - Vampire Vape","https://vaperalia.es/aromas-vampire-vape/aroma-red-lips-vampire-vape-1440.html","En stock"
"1550650630-715","https://vaperalia.es/aromas-big-mouth-305?n=555","Aroma Fruit Juice - Big Mouth","https://vaperalia.es/aromas-big-mouth/aroma-kapri-big-mouth-2772.html","En stock"
"1550650632-757","https://vaperalia.es/aromas-vampire-vape-267?n=555","Aroma Ice Menthol - Vampire Vape","https://vaperalia.es/aromas-vampire-vape/aroma-ice-menthol-vampire-vape-1436.html","En stock"
"1550650641-872","https://vaperalia.es/big-mouth-496?n=555","Unusually Ripe Orange - Big Mouth","https://vaperalia.es/big-mouth/unusually-ripe-orange-big-mouth-3162.html","En stock"
"1550650639-822","https://vaperalia.es/bombo-100?n=555","Zero 50ml - Bombo","https://vaperalia.es/bombo/zero-50ml-bombo-4061.html","En stock"
"1550650645-905","https://vaperalia.es/dead-rabbit-society_161?n=555","DRS New York Cheesecake - Dead Rabbit Society","https://vaperalia.es/dead-rabbit-society/drs-new-york-cheesecake-dead-rabbit-society-4585.html","En stock"
"1550650632-768","https://vaperalia.es/aromas-vampire-vape-267?n=555","Aroma Vamp Toes - Vampire Vape","https://vaperalia.es/aromas-vampire-vape/aroma-vamp-toes-vampire-vape-1358.html","En stock"
"1550650630-697","https://vaperalia.es/aromas-big-mouth-305?n=555","Aroma New York Blue Tea - Big Mouth","https://vaperalia.es/aromas-big-mouth/aroma-new-york-blue-tea-big-mouth-3862.html","En stock"
"1550650641-875","https://vaperalia.es/big-mouth-496?n=555","Peachy Beast - Big Mouth","https://vaperalia.es/big-mouth/peachy-beast-big-mouth-3157.html","En stock"
"1550650660-978","https://vaperalia.es/nasty-juice-481?n=555","Cush Man Banana - Nasty Juice","https://vaperalia.es/nasty-juice/cush-man-banana-nasty-juice-3851.html","Agotado"
"1550650636-789","https://vaperalia.es/the-alchemist-juice-677?n=555","Sangre de toro - The Alchemist Juice","https://vaperalia.es/the-alchemist-juice/sangre-de-toro-the-alchemist-juice-5173.html","En stock"
"1550650660-979","https://vaperalia.es/nasty-juice-481?n=555","Cush Man Strawberry - Nasty Juice","https://vaperalia.es/nasty-juice/cush-man-strawberry-nasty-juice-3850.html","En stock"
"1550650627-689","https://vaperalia.es/aromas-kings-crest-607?n=555","Aroma Don Juan - Kings Crest","https://vaperalia.es/aromas-kings-crest/aroma-don-juan-kings-crest-3872.html","Agotado"
"1550650632-758","https://vaperalia.es/aromas-vampire-vape-267?n=555","Aroma D&B - Vampire Vape","https://vaperalia.es/aromas-vampire-vape/aroma-db-vampire-vape-1434.html","Agotado"
"1550650636-803","https://vaperalia.es/the-alchemist-juice-677?n=555","Kalippoo Lima Limón - The Alchemist Juice","https://vaperalia.es/the-alchemist-juice/kalippoo-lima-limon-the-alchemist-juice-4346.html","En stock"
"1550650652-938","https://vaperalia.es/horny-flava_166?n=555","Dear Tooth 55ml - Horny Flava","https://vaperalia.es/horny-flava/dear-tooth-horny-flava-5097.html","Agotado"
"1550650625-683","https://vaperalia.es/kits-joyetech-32?n=555","Unimax 22 2200mAh - Joyetech","https://vaperalia.es/kits-joyetech/unimax-22-2200mah-joyetech-2375.html","En stock"
"1550650625-667","https://vaperalia.es/kits-joyetech-32?n=555","Espion Silk + Notchcore 2ml - Joyetech","https://vaperalia.es/kits-joyetech/espion-silk-notchcore-2ml-joyetech-4733.html","En stock"
"1550650632-762","https://vaperalia.es/aromas-vampire-vape-267?n=555","Aroma Blueberry - Vampire Vape","https://vaperalia.es/aromas-vampire-vape/aroma-blueberry-vampire-vape-1430.html","En stock"
"1550650654-949","https://vaperalia.es/fantastic_148?n=555","Mango - Fantastic","https://vaperalia.es/fantastic/mango-fantastic-3330.html","Agotado"
"1550650639-820","https://vaperalia.es/bombo-100?n=555","Eden 50ml - Bombo","https://vaperalia.es/bombo/eden-50ml-bombo-4062.html","En stock"
"1550650632-724","https://vaperalia.es/aromas-vampire-vape-267?n=555","Aroma New York Cheesecake - Vampire Vape","https://vaperalia.es/aromas-vampire-vape/aroma-new-york-cheesecake-vampire-vape-3100.html","Agotado"
"1550650636-788","https://vaperalia.es/the-alchemist-juice-677?n=555","Pie de Limón - The Alchemist Juice","https://vaperalia.es/the-alchemist-juice/pie-de-limon-the-alchemist-juice-5242.html","En stock"
"1550650645-906","https://vaperalia.es/dead-rabbit-society_161?n=555","DRS Strawberry Cupcake - Dead Rabbit Society","https://vaperalia.es/dead-rabbit-society/drs-strawberry-cupcake-dead-rabbit-society-4096.html","En stock"
"1550650656-958","https://vaperalia.es/empire-brew-687?n=555","Mango Lychee - Empire Brew","https://vaperalia.es/empire-brew/mango-lychee-empire-brew-4391.html","En stock"
"1550650641-863","https://vaperalia.es/big-mouth-496?n=555","Cactus - Big Mouth","https://vaperalia.es/big-mouth/cactus-big-mouth-3180.html","En stock"
"1550650632-755","https://vaperalia.es/aromas-vampire-vape-267?n=555","Aroma Pineapple - Vampire Vape","https://vaperalia.es/aromas-vampire-vape/aroma-pineapple-vampire-vape-1438.html","En stock"
"1550650636-812","https://vaperalia.es/the-alchemist-juice-677?n=555","Lancelot - The Alchemist Juice","https://vaperalia.es/the-alchemist-juice/lancelot-the-alchemist-juice-4352.html","Agotado"
"1550650632-749","https://vaperalia.es/aromas-vampire-vape-267?n=555","Aroma Sweet Tobacco - Vampire Vape","https://vaperalia.es/aromas-vampire-vape/aroma-sweet-tobacco-vampire-vape-1444.html","En stock"
"1550650636-794","https://vaperalia.es/the-alchemist-juice-677?n=555","Kalippooh Zero Orange - The Alchemist Juice","https://vaperalia.es/kalippooh-zero/kalippooh-zero-orange-the-alchemist-juice-5115.html","En stock"
"1550650641-861","https://vaperalia.es/big-mouth-496?n=555","Eurora - Big Mouth","https://vaperalia.es/big-mouth/eurora-big-mouth-3183.html","En stock"
"1550650639-850","https://vaperalia.es/bombo-100?n=555","Dulcinea - Bombo","https://vaperalia.es/bombo/dulcinea-bombo-653.html","En stock"
"1550650632-746","https://vaperalia.es/aromas-vampire-vape-267?n=555","Aroma Creme Anglaise - Vampire Vape","https://vaperalia.es/aromas-vampire-vape/aroma-creme-anglaise-vampire-vape-1859.html","En stock"
"1550650625-675","https://vaperalia.es/kits-joyetech-32?n=555","Exceed D19 - Joyetech","https://vaperalia.es/kits-joyetech/exceed-d19-joyetech-3803.html","En stock"
"1550650641-864","https://vaperalia.es/big-mouth-496?n=555","Tonic Original - Big Mouth","https://vaperalia.es/big-mouth/tonic-original-big-mouth-3176.html","En stock"
"1550650660-966","https://vaperalia.es/nasty-juice-481?n=555","Tobacco - Nasty Juice","https://vaperalia.es/nasty-juice/tobacco-nasty-juice-5363.html","En stock"
"1550650636-813","https://vaperalia.es/the-alchemist-juice-677?n=555","Lemon Night - The Alchemist Juice","https://vaperalia.es/the-alchemist-juice/lemon-night-the-alchemist-juice-4353.html","En stock"
"1550650643-889","https://vaperalia.es/pro-vape-672?n=555","Silvester Vapellone - Heroes","https://vaperalia.es/heroes-line/silvester-vapellone-heroes-4316.html","En stock"
"1550650625-682","https://vaperalia.es/kits-joyetech-32?n=555","Kit de inicio AIO 1500mAh (Versión...","https://vaperalia.es/kits-joyetech/kit-de-inicio-aio-1500mah-version-especial-joyetech-2547.html","En stock"
"1550650632-739","https://vaperalia.es/aromas-vampire-vape-267?n=555","Aroma Blood Sukka - Vampire Vape","https://vaperalia.es/aromas-vampire-vape/aroma-blood-sukka-vampire-vape-2390.html","Agotado"
"1550650630-709","https://vaperalia.es/aromas-big-mouth-305?n=555","I'll take to you Aloe Lollipops - Big Mouth","https://vaperalia.es/aromas-big-mouth/i-ll-take-to-you-aloe-lollipops-big-mouth-2786.html","En stock"
"1550650660-977","https://vaperalia.es/nasty-juice-481?n=555","Cush Man Grape - Nasty Juice","https://vaperalia.es/nasty-juice/cush-man-grape-nasty-juice-3852.html","En stock"
"1550650632-773","https://vaperalia.es/aromas-vampire-vape-267?n=555","Aroma Strawberry y Kiwi - Vampire Vape","https://vaperalia.es/aromas-vampire-vape/aroma-strawberry-y-kiwi-vampire-vape-1253.html","Agotado"
"1550650632-780","https://vaperalia.es/aromas-vampire-vape-267?n=555","Aroma Strawberry Milkshake- Vampire Vape","https://vaperalia.es/aromas-vampire-vape/aroma-strawberry-milkshake-vampire-vape-1246.html","En stock"
"1550650632-752","https://vaperalia.es/aromas-vampire-vape-267?n=555","Aroma Smooth Weston - Vampire Vape","https://vaperalia.es/aromas-vampire-vape/aroma-smooth-weston-vampire-vape-1441.html","En stock"
"1550650645-896","https://vaperalia.es/dead-rabbit-society_161?n=555","Mint Humbug Special Edition - Dead Rabbit...","https://vaperalia.es/dead-rabbit-society/mint-humbug-special-edition-dead-rabbit-society-5415.html","En stock"
"1550650641-862","https://vaperalia.es/big-mouth-496?n=555","Tonic Cola - Big Mouth","https://vaperalia.es/big-mouth/tonic-cola-big-mouth-3179.html","En stock"
"1550650636-805","https://vaperalia.es/the-alchemist-juice-677?n=555","Black Label - The Alchemist Juice","https://vaperalia.es/the-alchemist-juice/black-label-the-alchemist-juice-4341.html","En stock"
"1550650632-767","https://vaperalia.es/aromas-vampire-vape-267?n=555","Aroma Applelicious - Vampire Vape","https://vaperalia.es/aromas-vampire-vape/aroma-applelicious-vampire-vape-1425.html","En stock"
"1550650639-834","https://vaperalia.es/bombo-100?n=555","Aldonza +VG - Bombo","https://vaperalia.es/bombo/aldonza-vg-bombo-2747.html","Producto disponible con otras opciones"
"1550650632-729","https://vaperalia.es/aromas-vampire-vape-267?n=555","Aroma Fireball - Vampire Vape","https://vaperalia.es/aromas-vampire-vape/aroma-fireball-vampire-vape-3096.html","En stock"
"1550650645-909","https://vaperalia.es/dead-rabbit-society_161?n=555","DRS Lime Green Kiwi Rabbit - Dead Rabbit...","https://vaperalia.es/dead-rabbit-society/drs-lime-green-kiwi-rabbit-dead-rabbit-society-3759.html","Agotado"
"1550650625-678","https://vaperalia.es/kits-joyetech-32?n=555","CuBox 3000mAh + Cubis 2 - Joyetech","https://vaperalia.es/kits-joyetech/cubox-3000mah-cubis-2-joyetech-2883.html","Agotado"
"1550650647-915","https://vaperalia.es/revengers-e-liquid-582?n=555","Mr. Vengeance - Revengers E-liquid","https://vaperalia.es/liquidos/mr-vengeance-nasty-juice-3641.html","En stock"
"1550650645-910","https://vaperalia.es/dead-rabbit-society_161?n=555","DRS Strawberry Red Rabbit - Dead Rabbit...","https://vaperalia.es/dead-rabbit-society/drs-strawberry-red-rabbit-dead-rabbit-society-3760.html","Agotado"
"1550650630-696","https://vaperalia.es/aromas-big-mouth-305?n=555","Aroma Coconut Macchiato - Big Mouth","https://vaperalia.es/aromas-big-mouth/aroma-coconut-macchiato-big-mouth-3864.html","En stock"
"1550650639-831","https://vaperalia.es/bombo-100?n=555","Kijote 50ml - Bombo","https://vaperalia.es/bombo/kijote-50ml-bombo-4051.html","En stock"
"1550650652-928","https://vaperalia.es/horny-flava_166?n=555","Aroma Sour Mango - Horny Flava","https://vaperalia.es/aromas-horny-flava/aroma-sour-mango-horny-flava-5123.html","En stock"
"1550650656-952","https://vaperalia.es/empire-brew-687?n=555","Apple Blackcurrant - Empire Brew","https://vaperalia.es/empire-brew/apple-blackcurrant-4595.html","En stock"
"1550650660-980","https://vaperalia.es/nasty-juice-481?n=555","Silver Blend - Nasty Juice","https://vaperalia.es/nasty-juice/silver-blend-nasty-juice-3404.html","En stock"
"1550650639-855","https://vaperalia.es/bombo-100?n=555","Tucan Tropic - Bombo","https://vaperalia.es/bombo/tucan-tropic-bombo-535.html","En stock"
"1550650625-673","https://vaperalia.es/kits-joyetech-32?n=555","Espion 200w + ProCore X - Joyetech","https://vaperalia.es/kits-joyetech/espion-200w-procore-x-joyetech-4142.html","En stock"
"1550650660-976","https://vaperalia.es/nasty-juice-481?n=555","Strawberry - Nasty Juice","https://vaperalia.es/nasty-juice/strawberry-nasty-juice-4385.html","En stock"
"1550650645-903","https://vaperalia.es/dead-rabbit-society_161?n=555","DRS Crème Brulée 25ml - Dead Rabbit Society","https://vaperalia.es/dead-rabbit-society/drs-creme-brulee-25ml-dead-rabbit-society-4580.html","Agotado"
"1550650625-680","https://vaperalia.es/kits-joyetech-32?n=555","eGo AIO ProBox 2100mAh - Joyetech","https://vaperalia.es/kits-joyetech/ego-aio-probox-2100mah-joyetech-2573.html","Producto disponible con otras opciones"
"1550650630-712","https://vaperalia.es/aromas-big-mouth-305?n=555","I'll take you to Lemon Meringue Pie - Big...","https://vaperalia.es/aromas-big-mouth/i-ll-take-you-to-lemon-meringue-pie-big-mouth-2779.html","En stock"
"1550650630-702","https://vaperalia.es/aromas-big-mouth-305?n=555","Aroma Ralf Cake - Big Mouth","https://vaperalia.es/aromas-big-mouth/aroma-ralf-cake-big-mouth-3118.html","En stock"
"1550650639-836","https://vaperalia.es/bombo-100?n=555","Trubio +VG - Bombo","https://vaperalia.es/bombo/trubio-vg-bombo-2744.html","Producto disponible con otras opciones"
"1550650632-760","https://vaperalia.es/aromas-vampire-vape-267?n=555","Aroma Cherry Tree - Vampire Vap","https://vaperalia.es/aromas-vampire-vape/aroma-cherry-tree-vampire-vap-1432.html","En stock"
"1550650632-769","https://vaperalia.es/aromas-vampire-vape-267?n=555","Aroma Rhubarb & Custard - Vampire Vape","https://vaperalia.es/aromas-vampire-vape/aroma-rhubarb-custard-vampire-vape-1357.html","En stock"
"1550650643-883","https://vaperalia.es/pro-vape-672?n=555","Bob Vaperley - Icons","https://vaperalia.es/icons-line/bob-vaperley-icons-4530.html","En stock"
"1550650660-965","https://vaperalia.es/nasty-juice-481?n=555","Broski Berry - Nasty Juice","https://vaperalia.es/nasty-juice/broski-berry-nasty-juice-5563.html","Agotado"
"1550650625-684","https://vaperalia.es/kits-joyetech-32?n=555","Kit de inicio AIO BOX 2100 mAh - Joyetech","https://vaperalia.es/kits-joyetech/kit-de-inicio-aio-box-2100-mah-joyetech-1872.html","Agotado"
"1550650630-718","https://vaperalia.es/aromas-big-mouth-305?n=555","Aroma LoQness - Big Mouth","https://vaperalia.es/aromas-big-mouth/aroma-loqness-big-mouth-1597.html","Agotado"
"1550650660-985","https://vaperalia.es/nasty-juice-481?n=555","Hippie Trail - Nasty Juice","https://vaperalia.es/nasty-juice/hippie-trail-nasty-juice-3407.html","En stock"
"1550650652-937","https://vaperalia.es/horny-flava_166?n=555","Grape 55ml - Horny Flava","https://vaperalia.es/horny-flava/grape-horny-flava-5098.html","Agotado"
"1550650641-865","https://vaperalia.es/big-mouth-496?n=555","Peach Candy - Big Mouth","https://vaperalia.es/big-mouth/peach-candy-big-mouth-3175.html","En stock"
"1550650632-737","https://vaperalia.es/aromas-vampire-vape-267?n=555","Aroma Fantasy - Vampire Vape","https://vaperalia.es/aromas-vampire-vape/aroma-fantasy-vampire-vape-2392.html","En stock"
"1550650649-921","https://vaperalia.es/mistiq-489?n=555","Orange - Mistiq Flava","https://vaperalia.es/mistiq/orange-mistiq-flava-3141.html","En stock"
"1550650639-849","https://vaperalia.es/bombo-100?n=555","Nectar - Bombo","https://vaperalia.es/bombo/nectar-bombo-1267.html","En stock"
"1550650660-983","https://vaperalia.es/nasty-juice-481?n=555","Migos Moon - Nasty Juice","https://vaperalia.es/nasty-juice/migos-moon-nasty-juice-3408.html","En stock"
"1550650625-686","https://vaperalia.es/kits-joyetech-32?n=555","Kit eGo ONE V2 - Joyetech","https://vaperalia.es/kits-joyetech/kit-ego-one-v2-joyetech-1330.html","Producto disponible con otras opciones"
"1550650660-981","https://vaperalia.es/nasty-juice-481?n=555","Gold Blend - Nasty Juice","https://vaperalia.es/nasty-juice/gold-blend-nasty-juice-3405.html","En stock"
"1550650639-832","https://vaperalia.es/bombo-100?n=555","Zero +VG - Bombo","https://vaperalia.es/bombo/zero-vg-bombo-2748.html","Agotado"
"1550650636-786","https://vaperalia.es/the-alchemist-juice-677?n=555","Kalippooh Cerebral Stroke - The Alchemist...","https://vaperalia.es/the-alchemist-juice/kalippoo-cerebral-stroke-the-alchemist-juice--5756.html","En stock"
"1550650641-867","https://vaperalia.es/big-mouth-496?n=555","Lemon Lush Pie - Big Mouth","https://vaperalia.es/big-mouth/lemon-lush-pie-big-mouth-3169.html","En stock"
"1550650662-999","https://vaperalia.es/mono-ejuice_115?n=555","Monkey Road TPD - Mono eJuice","https://vaperalia.es/mono-ejuice/monkey-road-tpd-mono-ejuice-3742.html","En stock"
"1550650639-825","https://vaperalia.es/bombo-100?n=555","Garbo 50ml - Bombo","https://vaperalia.es/bombo/garbo-50ml-bombo-4056.html","En stock"
"1550650639-823","https://vaperalia.es/bombo-100?n=555","Dulcinea 50ml - Bombo","https://vaperalia.es/bombo/dulcinea-50ml-bombo-4059.html","En stock"
"1550650636-799","https://vaperalia.es/the-alchemist-juice-677?n=555","Cerveza con limón - The Alquemist Juice","https://vaperalia.es/the-alchemist-juice/radler-4715.html","En stock"
"1550650630-706","https://vaperalia.es/aromas-big-mouth-305?n=555","Juicy Melons - Big Mouth","https://vaperalia.es/aromas-big-mouth/juicy-melons-big-mouth-2788.html","Agotado"
"1550650630-721","https://vaperalia.es/aromas-big-mouth-305?n=555","Aroma Ralf and Elie - Big Mouth","https://vaperalia.es/aromas-big-mouth/aroma-ralf-and-elie-big-mouth-1537.html","En stock"
"1550650639-853","https://vaperalia.es/bombo-100?n=555","Garbo - Bombo","https://vaperalia.es/bombo/garbo-bombo-537.html","En stock"
"1550650647-916","https://vaperalia.es/revengers-e-liquid-582?n=555","Chaser - Revengers E-liquid","https://vaperalia.es/liquidos/chaser-nasty-juice-3640.html","En stock"
"1550650632-776","https://vaperalia.es/aromas-vampire-vape-267?n=555","Aroma Black Jack - Vampire Vape","https://vaperalia.es/aromas-vampire-vape/aroma-black-jack-vampire-vape-1250.html","Agotado"
"1550650639-851","https://vaperalia.es/bombo-100?n=555","Trubio - Bombo","https://vaperalia.es/bombo/trubio-bombo-647.html","En stock"
"1550650656-957","https://vaperalia.es/empire-brew-687?n=555","Mango Blackcurrant - Empire Brew","https://vaperalia.es/empire-brew/mango-blackcurrant-empire-brew-4390.html","Agotado"
"1550650639-840","https://vaperalia.es/bombo-100?n=555","Nectar +VG - Bombo","https://vaperalia.es/bombo/nectar-vg-bombo-2741.html","Producto disponible con otras opciones"
"1550650645-900","https://vaperalia.es/dead-rabbit-society_161?n=555","DRS Gold Rabbit 25ml - Dead Rabbit Society","https://vaperalia.es/dead-rabbit-society/drs-gold-rabbit-25ml-dead-rabbit-society-4587.html","En stock"
"1550650639-838","https://vaperalia.es/bombo-100?n=555","Sherpa +VG - Bombo","https://vaperalia.es/bombo/sherpa-vg-bombo-2743.html","Producto disponible con otras opciones"
"1550650660-973","https://vaperalia.es/nasty-juice-481?n=555","HoneyDew - Nasty Juice","https://vaperalia.es/nasty-juice/honeydew-nasty-juice-4382.html","En stock"
"1550650639-845","https://vaperalia.es/bombo-100?n=555","Eden - Bombo","https://vaperalia.es/bombo/eden-bombo-1806.html","En stock"
"1550650630-699","https://vaperalia.es/aromas-big-mouth-305?n=555","Aroma American Pancake - Big Mouth","https://vaperalia.es/aromas-big-mouth/aroma-american-pancake-big-mouth-3130.html","En stock"
"1550650636-795","https://vaperalia.es/the-alchemist-juice-677?n=555","Kalippooh Zero Beries Mix - The Alchemist...","https://vaperalia.es/kalippooh-zero/kalippooh-zero-beries-mix-the-alchemist-juice-5116.html","En stock"
"1550650636-792","https://vaperalia.es/the-alchemist-juice-677?n=555","Kalippooh Zero Lime and Lemon - The...","https://vaperalia.es/kalippooh-zero/lime-and-lemon-the-alchemist-juice-5113.html","En stock"
"1550650639-826","https://vaperalia.es/bombo-100?n=555","Sherpa 50ml - Bombo","https://vaperalia.es/bombo/sherpa-50ml-bombo-4057.html","En stock"
"1550650639-833","https://vaperalia.es/bombo-100?n=555","Eden +VG - Bombo","https://vaperalia.es/bombo/eden-vg-bombo-2749.html","En stock"
"1550650645-908","https://vaperalia.es/dead-rabbit-society_161?n=555","DRS Key Lime - Dead Rabbit Society","https://vaperalia.es/dead-rabbit-society/drs-key-lime-dead-rabbit-society-4095.html","En stock"
"1550650632-765","https://vaperalia.es/aromas-vampire-vape-267?n=555","Aroma Banoffee Pie - Vampire Vape","https://vaperalia.es/aromas-vampire-vape/aroma-banoffee-pie-vampire-vape-1427.html","En stock"
"1550650658-961","https://vaperalia.es/class-a-series-e-liquid--581?n=555","Don - Class ""A"" E-liquid","https://vaperalia.es/liquidos/don-nasty-juice-3638.html","En stock"
"1550650652-941","https://vaperalia.es/horny-flava_166?n=555","Aroma Red Apple - Horny Flava","https://vaperalia.es/aromas-horny-flava/aroma-red-apple-horny-flava-3909.html","En stock"
"1550650639-829","https://vaperalia.es/bombo-100?n=555","Navelina 50ml - Bombo","https://vaperalia.es/bombo/navelina-50ml-bombo-4054.html","En stock"
"1550650639-842","https://vaperalia.es/bombo-100?n=555","Tucan +VG - Bombo","https://vaperalia.es/bombo/tucan-vg-bombo-2739.html","En stock"
"1550650636-791","https://vaperalia.es/the-alchemist-juice-677?n=555","Tabacco Cream Nuts - The Alchemist Juice","https://vaperalia.es/the-alchemist-juice/tabacco-cream-nuts-the-alchemist-juice-5117.html","En stock"
"1550650647-914","https://vaperalia.es/revengers-e-liquid-582?n=555","Punisher - Revengers E-liquid","https://vaperalia.es/liquidos/punisher-nasty-juice-3642.html","En stock"
"1550650643-891","https://vaperalia.es/pro-vape-672?n=555","Big Vova - Warriors","https://vaperalia.es/warriors-line/big-vova-warriors-4318.html","En stock"
"1550650645-904","https://vaperalia.es/dead-rabbit-society_161?n=555","DRS New York Cheesecake 25ml - Dead Rabbit...","https://vaperalia.es/dead-rabbit-society/drs-my-cheesecake-dead-rabbit-society-4578.html","Agotado"
"1550650656-953","https://vaperalia.es/empire-brew-687?n=555","Apple Cucumber - Empire Brew","https://vaperalia.es/empire-brew/apple-cucumber-empire-brew-4386.html","En stock"
"1550650652-935","https://vaperalia.es/horny-flava_166?n=555","Pineapple 55ml - Horny Flava","https://vaperalia.es/horny-flava/pineapple-55ml-horny-flava-5102.html","En stock"
"1550650660-990","https://vaperalia.es/nasty-juice-481?n=555","Asap Grape - Nasty Juice","https://vaperalia.es/nasty-juice/asap-grape-nasty-juice-3083.html","En stock"
"1550650658-962","https://vaperalia.es/class-a-series-e-liquid--581?n=555","Bad Guy - Class ""A"" E-liquid","https://vaperalia.es/liquidos/bad-guy-nasty-juice-3636.html","Agotado"
"1550650627-688","https://vaperalia.es/aromas-kings-crest-607?n=555","Aroma Monarch - Kings Crest","https://vaperalia.es/aromas-kings-crest/monarch-kings-crest-4915.html","Agotado"
"1550650630-700","https://vaperalia.es/aromas-big-mouth-305?n=555","Aroma Cannoli - Big Mouth","https://vaperalia.es/aromas-big-mouth/aroma-cannoli-big-mouth-3129.html","En stock"
"1550650639-815","https://vaperalia.es/bombo-100?n=555","Helado de Chocolate y Avellanas 50ml - La...","https://vaperalia.es/la-yaya-by-bombo/helado-chocolate-la-yaya-bombo-5547.html","En stock"
"1550650632-754","https://vaperalia.es/aromas-vampire-vape-267?n=555","Aroma Raspberry Sorbet - Vampire Vape","https://vaperalia.es/aromas-vampire-vape/aroma-raspberry-sorbet-vampire-vape-1439.html","En stock"
"1550650645-899","https://vaperalia.es/dead-rabbit-society_161?n=555","DRS Lime Green Kiwi Rabbit 25ml - Dead...","https://vaperalia.es/dead-rabbit-society/drs-lime-green-kiwi-rabbit-25ml-dead-rabbit-society-4586.html","En stock"
"1550650662-998","https://vaperalia.es/mono-ejuice_115?n=555","Mamma Queen TPD - Mono eJuice","https://vaperalia.es/mono-ejuice/mamma-queen-tpd-mono-ejuice-3741.html","En stock"
"1550650645-911","https://vaperalia.es/dead-rabbit-society_161?n=555","DRS Gold Rabbit - Dead Rabbit Society","https://vaperalia.es/dead-rabbit-society/drs-gold-dead-rabbit-society-3758.html","En stock"
"1550650658-960","https://vaperalia.es/class-a-series-e-liquid--581?n=555","Blow - Class ""A"" E-liquid","https://vaperalia.es/liquidos/blow-nasty-juice-3637.html","En stock"
"1550650643-893","https://vaperalia.es/pro-vape-672?n=555","Iron Angel - Warriors","https://vaperalia.es/warriors-line/iron-angel-warriors-4320.html","En stock"
"1550650639-854","https://vaperalia.es/bombo-100?n=555","Navelina Express - Bombo","https://vaperalia.es/bombo/navelina-express-bombo-536.html","En stock"
"1550650652-924","https://vaperalia.es/horny-flava_166?n=555","Quebec 60ml - Horny Flava","https://vaperalia.es/horny-flava/quebec-horny-flava-5660.html","Agotado"
"1550650652-927","https://vaperalia.es/horny-flava_166?n=555","Aroma Tooth - Horny Flava","https://vaperalia.es/aromas-horny-flava/aroma-tooth-horny-flava-5122.html","En stock"
"1550650660-988","https://vaperalia.es/nasty-juice-481?n=555","Trap Queen - Nasty Juice","https://vaperalia.es/nasty-juice/trap-queen-nasty-juice-3084.html","En stock"
"1550650632-740","https://vaperalia.es/aromas-vampire-vape-267?n=555","Aroma Heisenberg 10 ml - Vampire Vape","https://vaperalia.es/aromas-vampire-vape/aroma-heisenberg-10-ml-vampire-vape-1878.html","Agotado"
"1550650632-730","https://vaperalia.es/aromas-vampire-vape-267?n=555","Aroma Cool Blue Slush - Vampire Vape","https://vaperalia.es/aromas-vampire-vape/aroma-cool-blue-slush-vampire-vape-3094.html","En stock"
"1550650634-783","https://vaperalia.es/fat-panda-653?n=555","Vaper Mint - Fat Panda","https://vaperalia.es/fat-panda/vaper-mint-fat-panda-4137.html","En stock"
"1550650643-884","https://vaperalia.es/pro-vape-672?n=555","Arnold Schwarzvaper - Heroes","https://vaperalia.es/heroes-line/arnold-schwarzvaper-heroes-4311.html","En stock"
"1550650636-806","https://vaperalia.es/the-alchemist-juice-677?n=555","Grandma's Cookie - The Alchemist Juice","https://vaperalia.es/the-alchemist-juice/grandma-s-cookie-the-alchemist-juice-4343.html","En stock"
"1550650660-971","https://vaperalia.es/nasty-juice-481?n=555","Green Apple - Nasty Juice","https://vaperalia.es/nasty-juice/green-apple-nasty-juice-4380.html","En stock"
"1550650625-669","https://vaperalia.es/kits-joyetech-32?n=555","Exceed Edge 650mAh + Exceed Edge 2ml -...","https://vaperalia.es/kits-joyetech/exceed-edge-260mah-exceed-edge-2ml-joyetech-4720.html","En stock"
"1550650630-707","https://vaperalia.es/aromas-big-mouth-305?n=555","Filipina - Big Mouth","https://vaperalia.es/aromas-big-mouth/filipina-big-mouth-2789.html","En stock"
"1550650643-890","https://vaperalia.es/pro-vape-672?n=555","Alpha Wolf- Warriors","https://vaperalia.es/warriors-line/alpha-wolf-warriors-4317.html","En stock"
"1550650636-801","https://vaperalia.es/the-alchemist-juice-677?n=555","Kalippooh Extreme Strawberry - The...","https://vaperalia.es/the-alchemist-juice/kalippoo-fresa-the-alchemist-juice-4345.html","En stock"
"1550650641-860","https://vaperalia.es/big-mouth-496?n=555","Red Alarm - Big Mouth","https://vaperalia.es/big-mouth/red-alarm-big-mouth-3193.html","En stock"
"1550650645-901","https://vaperalia.es/dead-rabbit-society_161?n=555","DRS Strawberry Cupcake 25ml - Dead Rabbit...","https://vaperalia.es/dead-rabbit-society/drs-strawberry-cupcake-25ml-dead-rabbit-society-4584.html","En stock"
"1550650647-913","https://vaperalia.es/revengers-e-liquid-582?n=555","Vendetta - Revengers E-liquid","https://vaperalia.es/liquidos/vendetta-nasty-juice-3644.html","En stock"
"1550650639-847","https://vaperalia.es/bombo-100?n=555","Aldonza Reserva - Bombo","https://vaperalia.es/bombo/aldonza-reserva-bombo-1418.html","En stock"
"1550650632-761","https://vaperalia.es/aromas-vampire-vape-267?n=555","Aroma Bubblegum - Vampire Vape","https://vaperalia.es/aromas-vampire-vape/aroma-bubblegum-vampire-vape-1431.html","En stock"
"1550650632-748","https://vaperalia.es/aromas-vampire-vape-267?n=555","Aroma Strawberry - Vampire Vape","https://vaperalia.es/aromas-vampire-vape/aroma-strawberry-vampire-vape-1445.html","Agotado"
"1550650660-970","https://vaperalia.es/nasty-juice-481?n=555","Blackcurrant Lemonade - Nasty Juice","https://vaperalia.es/nasty-juice/blackcurrant-lemonade-nasty-juice-4378.html","En stock"
"1550650643-878","https://vaperalia.es/pro-vape-672?n=555","Freddie Vapery - Icons","https://vaperalia.es/icons-line/freddie-vapery-icons-5412.html","En stock"
"1550650639-817","https://vaperalia.es/bombo-100?n=555","Vainara 50ml - Bombo","https://vaperalia.es/bombo/vainara-bombo-5244.html","En stock"
"1550650625-676","https://vaperalia.es/kits-joyetech-32?n=555","Atopack Penguin SE 2ml 2000 mAh - Joyetech","https://vaperalia.es/kits-joyetech/atopack-penguin-se-2ml-2000-mah-joyetech-3764.html","En stock"
"1550650639-844","https://vaperalia.es/bombo-100?n=555","Kijote +VG - Bombo","https://vaperalia.es/bombo/kijote-vg-bombo-2737.html","Producto disponible con otras opciones"
"1550650625-677","https://vaperalia.es/kits-joyetech-32?n=555","Kit de inicio AIO 1500mAh - Joyetech","https://vaperalia.es/kits-joyetech/kit-de-inicio-aio-1500mah-joyetech-1204.html","En stock"
"1550650649-920","https://vaperalia.es/mistiq-489?n=555","Solero - Mistiq Flava","https://vaperalia.es/mistiq/solero-mistiq-flava-3142.html","En stock"
"1550650643-885","https://vaperalia.es/pro-vape-672?n=555","Bruce Vapes - Heroes","https://vaperalia.es/heroes-line/bruce-vapes-heroes-4312.html","En stock"
"1550650639-843","https://vaperalia.es/bombo-100?n=555","Torquemada +VG - Bombo","https://vaperalia.es/bombo/torquemada-vg-bombo-2738.html","Agotado"
"1550650643-895","https://vaperalia.es/pro-vape-672?n=555","Viagrasconi - Warriors","https://vaperalia.es/warriors-line/viagrasconi-warriors-4322.html","En stock"
"1550650636-811","https://vaperalia.es/the-alchemist-juice-677?n=555","La Leche - The Alchemist Juice","https://vaperalia.es/the-alchemist-juice/la-leche-the-alchemist-juice-4351.html","En stock"
"1550650641-859","https://vaperalia.es/big-mouth-496?n=555","Old School - Big Mouth","https://vaperalia.es/big-mouth/old-school-big-mouth-3192.html","En stock"
"1550650625-671","https://vaperalia.es/kits-joyetech-32?n=555","Teros 480mAh 2.0ml - Joyetech","https://vaperalia.es/kits-joyetech/teros-480mah-20ml-joyetech-4664.html","En stock"
"1550650656-954","https://vaperalia.es/empire-brew-687?n=555","Blackcurrant Ice - Empire Brew","https://vaperalia.es/empire-brew/blackcurrant-ice-empire-brew-4387.html","En stock"
"1550650632-722","https://vaperalia.es/aromas-vampire-vape-267?n=555","Aroma Sweet Lemons - Vampire Vape","https://vaperalia.es/aromas-vampire-vape/aroma-sweet-lemons-vampire-vape-3103.html","En stock"
"1550650639-846","https://vaperalia.es/bombo-100?n=555","Zero - Bombo","https://vaperalia.es/bombo/zero-bombo-1805.html","En stock"
"1550650654-948","https://vaperalia.es/fantastic_148?n=555","Orange - Fantastic","https://vaperalia.es/fantastic/orange-fantastic-3331.html","En stock"
"1550650652-931","https://vaperalia.es/horny-flava_166?n=555","Mango 55ml - Horny Flava","https://vaperalia.es/horny-flava/mango-horny-flava-5099.html","Agotado"
"1550650660-989","https://vaperalia.es/nasty-juice-481?n=555","Green Ape - Nasty Juice","https://vaperalia.es/nasty-juice/green-ape-nasty-juice-3085.html","En stock"
"1550650636-809","https://vaperalia.es/the-alchemist-juice-677?n=555","Kalippoo Sandía - The Alchemist Juice","https://vaperalia.es/the-alchemist-juice/kalippoo-sandia-the-alchemist-juice-4349.html","En stock"
"1550650632-735","https://vaperalia.es/aromas-vampire-vape-267?n=555","Aroma Tiger Ice - Vampire Vape","https://vaperalia.es/aromas-vampire-vape/aroma-tiger-ice-vampire-vape-2394.html","En stock"
"1550650630-717","https://vaperalia.es/aromas-big-mouth-305?n=555","Aroma Ticky Time - Big Mouth","https://vaperalia.es/aromas-big-mouth/aroma-ticky-time-big-mouth-1598.html","En stock"
"1550650636-802","https://vaperalia.es/the-alchemist-juice-677?n=555","Summer Nights - The Alchemist Juice","https://vaperalia.es/the-alchemist-juice/summer-nights-the-alchemist-juice-4354.html","En stock"
"1550650632-771","https://vaperalia.es/aromas-vampire-vape-267?n=555","Aroma Heisenberg 30 ml - Vampire Vape","https://vaperalia.es/aromas-vampire-vape/aroma-heisenberg-vampire-vape-1226.html","Agotado"
"1550650652-930","https://vaperalia.es/horny-flava_166?n=555","Strawberry 55ml - Horny Flava","https://vaperalia.es/horny-flava/strawberry-55ml-horny-flava-5105.html","Agotado"
"1550650632-756","https://vaperalia.es/aromas-vampire-vape-267?n=555","Aroma Parma Violets - Vampire Vape","https://vaperalia.es/aromas-vampire-vape/aroma-parma-violets-vampire-vape-1437.html","Agotado"
"1550650632-725","https://vaperalia.es/aromas-vampire-vape-267?n=555","Aroma Root Beer - Vampire Vape","https://vaperalia.es/aromas-vampire-vape/aroma-root-beer-vampire-vape-3101.html","En stock"
"1550650641-870","https://vaperalia.es/big-mouth-496?n=555","Golden Orange - Big Mouth","https://vaperalia.es/big-mouth/golden-orange-big-mouth-3165.html","En stock"
"1550650639-856","https://vaperalia.es/bombo-100?n=555","Torquemada - Bombo","https://vaperalia.es/bombo/torquemada-bombo-534.html","En stock"
"1550650636-790","https://vaperalia.es/the-alchemist-juice-677?n=555","Kalippooh Zero Strawberry - The Alchemist...","https://vaperalia.es/the-alchemist-juice/kalipoo-zero-fresa-the-alchemist-juice-5172.html","En stock"
"1550650643-894","https://vaperalia.es/pro-vape-672?n=555","Kimkabum - Warriors","https://vaperalia.es/warriors-line/kimkabum-warriors-4321.html","En stock"
"1550650652-943","https://vaperalia.es/horny-flava_166?n=555","Aroma Pineapple - Horny Flava","https://vaperalia.es/aromas-horny-flava/aroma-pineapple-horny-flava-3907.html","Agotado"
"1550650660-986","https://vaperalia.es/nasty-juice-481?n=555","Bloody Berry - Nasty Juice","https://vaperalia.es/nasty-juice/bloody-berry-nasty-juice-3406.html","En stock"
"1550650632-734","https://vaperalia.es/aromas-vampire-vape-267?n=555","Aroma Rainbow Skull - Vampire Vape","https://vaperalia.es/aromas-vampire-vape/aroma-rainbow-skull-vampire-vape-2395.html","En stock"
"1550650625-672","https://vaperalia.es/kits-joyetech-32?n=555","Espion Solo 21700 + ProCore Air 2ml -...","https://vaperalia.es/kits-joyetech/espion-solo-21700-procore-air-2ml-joyetech-4663.html","En stock"
"1550650652-944","https://vaperalia.es/horny-flava_166?n=555","Aroma Pinberry - Horny Flava","https://vaperalia.es/aromas-horny-flava/aroma-pinberry-horny-flava-3906.html","Agotado"
"1550650641-873","https://vaperalia.es/big-mouth-496?n=555","Unseen Strawberry Lime - Big Mouth","https://vaperalia.es/big-mouth/unseen-strawberry-lime-big-mouth-3160.html","En stock"
"1550650630-714","https://vaperalia.es/aromas-big-mouth-305?n=555","Aroma Smooth Aloe Vera - Big Mouth","https://vaperalia.es/aromas-big-mouth/aroma-smooth-aloe-vera-big-mouth-2775.html","En stock"
"1550650632-745","https://vaperalia.es/aromas-vampire-vape-267?n=555","Aroma Fat Gob - Vampire Vape","https://vaperalia.es/aromas-vampire-vape/aroma-fat-gob-vampire-vape-1860.html","En stock"
"1550650636-784","https://vaperalia.es/the-alchemist-juice-677?n=555","Santo Grial - The Alchemist Juice","https://vaperalia.es/the-alchemist-juice/santo-grial-the-alchemist-juice-5754.html","En stock"
"1550650632-741","https://vaperalia.es/aromas-vampire-vape-267?n=555","Aroma Pinkman 10 ml - Vampire Vape","https://vaperalia.es/aromas-vampire-vape/aroma-pinkman-10-ml-vampire-vape-1877.html","Agotado"
"1550650649-923","https://vaperalia.es/mistiq-489?n=555","Bluecurrant - Mistiq Flava","https://vaperalia.es/mistiq/bluecurrant-mistiq-flava-3139.html","Agotado"
"1550650630-711","https://vaperalia.es/aromas-big-mouth-305?n=555","I'll take you to Zingy Punch - Big Mouth","https://vaperalia.es/aromas-big-mouth/i-ll-take-you-to-zingy-punch-big-mouth-2783.html","En stock"
"1550650641-869","https://vaperalia.es/big-mouth-496?n=555","Fresh Multi - Big Mouth","https://vaperalia.es/big-mouth/fresh-multi-big-mouth-3166.html","Agotado"
"1550650636-800","https://vaperalia.es/the-alchemist-juice-677?n=555","Sancho Panza - The Alchemist Juice","https://vaperalia.es/the-alchemist-juice/sancho-panza-the-alchemist-juice-4426.html","En stock"
"1550650639-827","https://vaperalia.es/bombo-100?n=555","Nectar 50ml - Bombo","https://vaperalia.es/bombo/nectar-50ml-bombo-4055.html","En stock"
"1550650632-743","https://vaperalia.es/aromas-vampire-vape-267?n=555","Aroma Virginia - Vampire Vape","https://vaperalia.es/aromas-vampire-vape/aroma-virginia-vampire-vape-1862.html","Agotado"
"1550650652-926","https://vaperalia.es/horny-flava_166?n=555","Aroma Blondie - Horny Flava","https://vaperalia.es/aromas-horny-flava/aroma-blondie-horny-flava-5121.html","En stock"
"1550650634-782","https://vaperalia.es/fat-panda-653?n=555","Million Dollar Custard - Fat Panda","https://vaperalia.es/fat-panda/million-dollar-custard-fat-panda-4136.html","En stock"
"1550650632-732","https://vaperalia.es/aromas-vampire-vape-267?n=555","Aroma Dusk - Vampire Vape","https://vaperalia.es/aromas-vampire-vape/aroma-dusk-vampire-vape-2626.html","En stock"
"1550650652-945","https://vaperalia.es/horny-flava_166?n=555","Aroma Mango - Horny Flava","https://vaperalia.es/aromas-horny-flava/aroma-mango-horny-flava-3903.html","Agotado"
"1550650649-919","https://vaperalia.es/mistiq-489?n=555","Berry's - Mistiq Flava","https://vaperalia.es/mistiq/berry-s-mistiq-flava-3144.html","En stock"
"1550650632-775","https://vaperalia.es/aromas-vampire-vape-267?n=555","Aroma Sherbert Lemon - Vampire Vape","https://vaperalia.es/aromas-vampire-vape/aroma-sherbert-lemon-vampire-vape-1251.html","En stock"
"1550650662-996","https://vaperalia.es/mono-ejuice_115?n=555","Milky Way TPD - Mono eJuice","https://vaperalia.es/mono-ejuice/milky-way-tpd-mono-ejuice-3744.html","En stock"
"1550650630-720","https://vaperalia.es/aromas-big-mouth-305?n=555","Aroma More PopCorn - Big Mouth","https://vaperalia.es/aromas-big-mouth/aroma-more-popcorn-big-mouth-1538.html","En stock"
"1550650643-888","https://vaperalia.es/pro-vape-672?n=555","Jean Claude Van Vape - Heroes","https://vaperalia.es/heroes-line/jean-claude-van-vape-heroes-4315.html","En stock"
"1550650632-726","https://vaperalia.es/aromas-vampire-vape-267?n=555","Aroma Koolada - Vampire Vape","https://vaperalia.es/aromas-vampire-vape/aroma-koolada-vampire-vape-3099.html","En stock"
"1550650630-705","https://vaperalia.es/aromas-big-mouth-305?n=555","Full Zest - Big Mouth","https://vaperalia.es/aromas-big-mouth/full-zest-big-mouth-2790.html","En stock"
"1550650641-858","https://vaperalia.es/big-mouth-496?n=555","Melon Charge - Big Mouth","https://vaperalia.es/big-mouth/melon-charge-big-mouth-3194.html","En stock"
"1550650632-727","https://vaperalia.es/aromas-vampire-vape-267?n=555","Aroma French Vanilla - Vampire Vape","https://vaperalia.es/aromas-vampire-vape/aroma-french-vanilla-vampire-vape-3097.html","En stock"
